[
  {
    "name": "Kevin",
    "semester": 1,
    "program": "CPD",
    "courses": [
      "APC100",
      "IPC144",
      "ULI101",
      "IOS110",
      "EAC150"
    ]
  },
  {
    "name": "Brenda",
    "semester": 3,
    "program": "CPA",
    "courses": [
      "DBS301",
      "INT322",
      "SYS366",
      "OOP244",
      "EAC150"
    ]
  },
  {
    "name": "Dale",
    "semester": 2,
    "program": "CPD",
    "courses": [
      "IBC233",
      "OOP244",
      "INT322",
      "DBS201",
      "EAC150"
    ]
  },
  {
    "name": "Leonel",
    "semester": 2,
    "program": "BSD",
    "courses": [
      "BTI220",
      "BPT100",
      "BTC240",
      "BTD210",
      "BTP200"
    ]
  }
]
