[
  {
    "name": "Afghanistan",
    "official": "Islamic Republic of Afghanistan",
    "nativeName": "افغانستان",
    "a2code": "AF",
    "permanentUNSC": false,
    "wikipediaURL": "https://en.wikipedia.org/wiki/Afghanistan",
    "capital": "Kabul",
    "regionId": "3",
    "languages": "Dari,Pashto,Turkmen",
    "population": 40218234,
    "flag": "https://upload.wikimedia.org/wikipedia/commons/thumb/5/5c/Flag_of_the_Taliban.svg/320px-Flag_of_the_Taliban.svg.png"
  },
  {
    "name": "Albania",
    "official": "Republic of Albania",
    "nativeName": "Shqipëria",
    "a2code": "AL",
    "permanentUNSC": false,
    "wikipediaURL": "https://en.wikipedia.org/wiki/Albania",
    "capital": "Tirana",
    "regionId": "4",
    "languages": "Albanian",
    "population": 2837743,
    "flag": "https://flagcdn.com/w320/al.png"
  },
  {
    "name": "Algeria",
    "official": "People's Democratic Republic of Algeria",
    "nativeName": "الجزائر",
    "a2code": "DZ",
    "permanentUNSC": false,
    "wikipediaURL": "https://en.wikipedia.org/wiki/Algeria",
    "capital": "Algiers",
    "regionId": "1",
    "languages": "Arabic",
    "population": 44700000,
    "flag": "https://flagcdn.com/w320/dz.png"
  },
  {
    "name": "Andorra",
    "official": "Principality of Andorra",
    "nativeName": "Andorra",
    "a2code": "AD",
    "permanentUNSC": false,
    "wikipediaURL": "https://en.wikipedia.org/wiki/Andorra",
    "capital": "Andorra la Vella",
    "regionId": "4",
    "languages": "Catalan",
    "population": 77265,
    "flag": "https://flagcdn.com/w320/ad.png"
  },
  {
    "name": "Angola",
    "official": "Republic of Angola",
    "nativeName": "Angola",
    "a2code": "AO",
    "permanentUNSC": false,
    "wikipediaURL": "https://en.wikipedia.org/wiki/Angola",
    "capital": "Luanda",
    "regionId": "1",
    "languages": "Portuguese",
    "population": 32866268,
    "flag": "https://flagcdn.com/w320/ao.png"
  },
  {
    "name": "Antigua and Barbuda",
    "official": "Antigua and Barbuda",
    "nativeName": "Antigua and Barbuda",
    "a2code": "AG",
    "permanentUNSC": false,
    "wikipediaURL": "https://en.wikipedia.org/wiki/Antigua and Barbuda",
    "capital": "Saint John's",
    "regionId": "2",
    "languages": "English",
    "population": 97928,
    "flag": "https://flagcdn.com/w320/ag.png"
  },
  {
    "name": "Argentina",
    "official": "Argentine Republic",
    "nativeName": "Argentina",
    "a2code": "AR",
    "permanentUNSC": false,
    "wikipediaURL": "https://en.wikipedia.org/wiki/Argentina",
    "capital": "Buenos Aires",
    "regionId": "2",
    "languages": "Guaraní,Spanish",
    "population": 45376763,
    "flag": "https://flagcdn.com/w320/ar.png"
  },
  {
    "name": "Armenia",
    "official": "Republic of Armenia",
    "nativeName": "Հայաստան",
    "a2code": "AM",
    "permanentUNSC": false,
    "wikipediaURL": "https://en.wikipedia.org/wiki/Armenia",
    "capital": "Yerevan",
    "regionId": "3",
    "languages": "Armenian",
    "population": 2963234,
    "flag": "https://flagcdn.com/w320/am.png"
  },
  {
    "name": "Australia",
    "official": "Commonwealth of Australia",
    "nativeName": "Australia",
    "a2code": "AU",
    "permanentUNSC": false,
    "wikipediaURL": "https://en.wikipedia.org/wiki/Australia",
    "capital": "Canberra",
    "regionId": "5",
    "languages": "English",
    "population": 25687041,
    "flag": "https://flagcdn.com/w320/au.png"
  },
  {
    "name": "Austria",
    "official": "Republic of Austria",
    "nativeName": "Österreich",
    "a2code": "AT",
    "permanentUNSC": false,
    "wikipediaURL": "https://en.wikipedia.org/wiki/Austria",
    "capital": "Vienna",
    "regionId": "4",
    "languages": "German",
    "population": 8917205,
    "flag": "https://flagcdn.com/w320/at.png"
  },
  {
    "name": "Azerbaijan",
    "official": "Republic of Azerbaijan",
    "nativeName": "Azərbaycan",
    "a2code": "AZ",
    "permanentUNSC": false,
    "wikipediaURL": "https://en.wikipedia.org/wiki/Azerbaijan",
    "capital": "Baku",
    "regionId": "3",
    "languages": "Azerbaijani,Russian",
    "population": 10110116,
    "flag": "https://flagcdn.com/w320/az.png"
  },
  {
    "name": "Bahamas",
    "official": "Commonwealth of the Bahamas",
    "nativeName": "Bahamas",
    "a2code": "BS",
    "permanentUNSC": false,
    "wikipediaURL": "https://en.wikipedia.org/wiki/Bahamas",
    "capital": "Nassau",
    "regionId": "2",
    "languages": "English",
    "population": 393248,
    "flag": "https://flagcdn.com/w320/bs.png"
  },
  {
    "name": "Bahrain",
    "official": "Kingdom of Bahrain",
    "nativeName": "البحرين",
    "a2code": "BH",
    "permanentUNSC": false,
    "wikipediaURL": "https://en.wikipedia.org/wiki/Bahrain",
    "capital": "Manama",
    "regionId": "3",
    "languages": "Arabic",
    "population": 1701583,
    "flag": "https://flagcdn.com/w320/bh.png"
  },
  {
    "name": "Bangladesh",
    "official": "People's Republic of Bangladesh",
    "nativeName": "বাংলাদেশ",
    "a2code": "BD",
    "permanentUNSC": false,
    "wikipediaURL": "https://en.wikipedia.org/wiki/Bangladesh",
    "capital": "Dhaka",
    "regionId": "3",
    "languages": "Bengali",
    "population": 164689383,
    "flag": "https://flagcdn.com/w320/bd.png"
  },
  {
    "name": "Barbados",
    "official": "Barbados",
    "nativeName": "Barbados",
    "a2code": "BB",
    "permanentUNSC": false,
    "wikipediaURL": "https://en.wikipedia.org/wiki/Barbados",
    "capital": "Bridgetown",
    "regionId": "2",
    "languages": "English",
    "population": 287371,
    "flag": "https://flagcdn.com/w320/bb.png"
  },
  {
    "name": "Belarus",
    "official": "Republic of Belarus",
    "nativeName": "Белару́сь",
    "a2code": "BY",
    "permanentUNSC": false,
    "wikipediaURL": "https://en.wikipedia.org/wiki/Belarus",
    "capital": "Minsk",
    "regionId": "4",
    "languages": "Belarusian,Russian",
    "population": 9398861,
    "flag": "https://flagcdn.com/w320/by.png"
  },
  {
    "name": "Belgium",
    "official": "Kingdom of Belgium",
    "nativeName": "Belgien",
    "a2code": "BE",
    "permanentUNSC": false,
    "wikipediaURL": "https://en.wikipedia.org/wiki/Belgium",
    "capital": "Brussels",
    "regionId": "4",
    "languages": "German,French,Dutch",
    "population": 11555997,
    "flag": "https://flagcdn.com/w320/be.png"
  },
  {
    "name": "Belize",
    "official": "Belize",
    "nativeName": "Belize",
    "a2code": "BZ",
    "permanentUNSC": false,
    "wikipediaURL": "https://en.wikipedia.org/wiki/Belize",
    "capital": "Belmopan",
    "regionId": "2",
    "languages": "Belizean Creole,English,Spanish",
    "population": 397621,
    "flag": "https://flagcdn.com/w320/bz.png"
  },
  {
    "name": "Benin",
    "official": "Republic of Benin",
    "nativeName": "Bénin",
    "a2code": "BJ",
    "permanentUNSC": false,
    "wikipediaURL": "https://en.wikipedia.org/wiki/Benin",
    "capital": "Porto-Novo",
    "regionId": "1",
    "languages": "French",
    "population": 12123198,
    "flag": "https://flagcdn.com/w320/bj.png"
  },
  {
    "name": "Bhutan",
    "official": "Kingdom of Bhutan",
    "nativeName": "འབྲུག་ཡུལ་",
    "a2code": "BT",
    "permanentUNSC": false,
    "wikipediaURL": "https://en.wikipedia.org/wiki/Bhutan",
    "capital": "Thimphu",
    "regionId": "3",
    "languages": "Dzongkha",
    "population": 771612,
    "flag": "https://flagcdn.com/w320/bt.png"
  },
  {
    "name": "Bolivia",
    "official": "Plurinational State of Bolivia",
    "nativeName": "Wuliwya",
    "a2code": "BO",
    "permanentUNSC": false,
    "wikipediaURL": "https://en.wikipedia.org/wiki/Bolivia",
    "capital": "Sucre",
    "regionId": "2",
    "languages": "Aymara,Guaraní,Quechua,Spanish",
    "population": 11673029,
    "flag": "https://flagcdn.com/w320/bo.png"
  },
  {
    "name": "Bosnia and Herzegovina",
    "official": "Bosnia and Herzegovina",
    "nativeName": "Bosna i Hercegovina",
    "a2code": "BA",
    "permanentUNSC": false,
    "wikipediaURL": "https://en.wikipedia.org/wiki/Bosnia and Herzegovina",
    "capital": "Sarajevo",
    "regionId": "4",
    "languages": "Bosnian,Croatian,Serbian",
    "population": 3280815,
    "flag": "https://flagcdn.com/w320/ba.png"
  },
  {
    "name": "Botswana",
    "official": "Republic of Botswana",
    "nativeName": "Botswana",
    "a2code": "BW",
    "permanentUNSC": false,
    "wikipediaURL": "https://en.wikipedia.org/wiki/Botswana",
    "capital": "Gaborone",
    "regionId": "1",
    "languages": "English,Tswana",
    "population": 2351625,
    "flag": "https://flagcdn.com/w320/bw.png"
  },
  {
    "name": "Brazil",
    "official": "Federative Republic of Brazil",
    "nativeName": "Brasil",
    "a2code": "BR",
    "permanentUNSC": false,
    "wikipediaURL": "https://en.wikipedia.org/wiki/Brazil",
    "capital": "Brasília",
    "regionId": "2",
    "languages": "Portuguese",
    "population": 212559409,
    "flag": "https://flagcdn.com/w320/br.png"
  },
  {
    "name": "Brunei",
    "official": "Nation of Brunei, Abode of Peace",
    "nativeName": "Negara Brunei Darussalam",
    "a2code": "BN",
    "permanentUNSC": false,
    "wikipediaURL": "https://en.wikipedia.org/wiki/Brunei",
    "capital": "Bandar Seri Begawan",
    "regionId": "3",
    "languages": "Malay",
    "population": 437483,
    "flag": "https://flagcdn.com/w320/bn.png"
  },
  {
    "name": "Bulgaria",
    "official": "Republic of Bulgaria",
    "nativeName": "България",
    "a2code": "BG",
    "permanentUNSC": false,
    "wikipediaURL": "https://en.wikipedia.org/wiki/Bulgaria",
    "capital": "Sofia",
    "regionId": "4",
    "languages": "Bulgarian",
    "population": 6927288,
    "flag": "https://flagcdn.com/w320/bg.png"
  },
  {
    "name": "Burkina Faso",
    "official": "Burkina Faso",
    "nativeName": "Burkina Faso",
    "a2code": "BF",
    "permanentUNSC": false,
    "wikipediaURL": "https://en.wikipedia.org/wiki/Burkina Faso",
    "capital": "Ouagadougou",
    "regionId": "1",
    "languages": "French",
    "population": 20903278,
    "flag": "https://flagcdn.com/w320/bf.png"
  },
  {
    "name": "Burundi",
    "official": "Republic of Burundi",
    "nativeName": "Burundi",
    "a2code": "BI",
    "permanentUNSC": false,
    "wikipediaURL": "https://en.wikipedia.org/wiki/Burundi",
    "capital": "Gitega",
    "regionId": "1",
    "languages": "French,Kirundi",
    "population": 11890781,
    "flag": "https://flagcdn.com/w320/bi.png"
  },
  {
    "name": "Cambodia",
    "official": "Kingdom of Cambodia",
    "nativeName": "Kâmpŭchéa",
    "a2code": "KH",
    "permanentUNSC": false,
    "wikipediaURL": "https://en.wikipedia.org/wiki/Cambodia",
    "capital": "Phnom Penh",
    "regionId": "3",
    "languages": "Khmer",
    "population": 16718971,
    "flag": "https://flagcdn.com/w320/kh.png"
  },
  {
    "name": "Cameroon",
    "official": "Republic of Cameroon",
    "nativeName": "Cameroon",
    "a2code": "CM",
    "permanentUNSC": false,
    "wikipediaURL": "https://en.wikipedia.org/wiki/Cameroon",
    "capital": "Yaoundé",
    "regionId": "1",
    "languages": "English,French",
    "population": 26545864,
    "flag": "https://flagcdn.com/w320/cm.png"
  },
  {
    "name": "Canada",
    "official": "Canada",
    "nativeName": "Canada",
    "a2code": "CA",
    "permanentUNSC": false,
    "wikipediaURL": "https://en.wikipedia.org/wiki/Canada",
    "capital": "Ottawa",
    "regionId": "2",
    "languages": "English,French",
    "population": 38005238,
    "flag": "https://flagcdn.com/w320/ca.png"
  },
  {
    "name": "Cape Verde",
    "official": "Republic of Cabo Verde",
    "nativeName": "Cabo Verde",
    "a2code": "CV",
    "permanentUNSC": false,
    "wikipediaURL": "https://en.wikipedia.org/wiki/Cape Verde",
    "capital": "Praia",
    "regionId": "1",
    "languages": "Portuguese",
    "population": 555988,
    "flag": "https://flagcdn.com/w320/cv.png"
  },
  {
    "name": "Central African Republic",
    "official": "Central African Republic",
    "nativeName": "République centrafricaine",
    "a2code": "CF",
    "permanentUNSC": false,
    "wikipediaURL": "https://en.wikipedia.org/wiki/Central African Republic",
    "capital": "Bangui",
    "regionId": "1",
    "languages": "French,Sango",
    "population": 4829764,
    "flag": "https://flagcdn.com/w320/cf.png"
  },
  {
    "name": "Chad",
    "official": "Republic of Chad",
    "nativeName": "تشاد‎",
    "a2code": "TD",
    "permanentUNSC": false,
    "wikipediaURL": "https://en.wikipedia.org/wiki/Chad",
    "capital": "N'Djamena",
    "regionId": "1",
    "languages": "Arabic,French",
    "population": 16425859,
    "flag": "https://flagcdn.com/w320/td.png"
  },
  {
    "name": "Chile",
    "official": "Republic of Chile",
    "nativeName": "Chile",
    "a2code": "CL",
    "permanentUNSC": false,
    "wikipediaURL": "https://en.wikipedia.org/wiki/Chile",
    "capital": "Santiago",
    "regionId": "2",
    "languages": "Spanish",
    "population": 19116209,
    "flag": "https://flagcdn.com/w320/cl.png"
  },
  {
    "name": "China",
    "official": "People's Republic of China",
    "nativeName": "中国",
    "a2code": "CN",
    "permanentUNSC": false,
    "wikipediaURL": "https://en.wikipedia.org/wiki/China",
    "capital": "Beijing",
    "regionId": "3",
    "languages": "Chinese",
    "population": 1402112000,
    "flag": "https://flagcdn.com/w320/cn.png"
  },
  {
    "name": "Colombia",
    "official": "Republic of Colombia",
    "nativeName": "Colombia",
    "a2code": "CO",
    "permanentUNSC": false,
    "wikipediaURL": "https://en.wikipedia.org/wiki/Colombia",
    "capital": "Bogotá",
    "regionId": "2",
    "languages": "Spanish",
    "population": 50882884,
    "flag": "https://flagcdn.com/w320/co.png"
  },
  {
    "name": "Comoros",
    "official": "Union of the Comoros",
    "nativeName": "القمر‎",
    "a2code": "KM",
    "permanentUNSC": false,
    "wikipediaURL": "https://en.wikipedia.org/wiki/Comoros",
    "capital": "Moroni",
    "regionId": "1",
    "languages": "Arabic,French,Comorian",
    "population": 869595,
    "flag": "https://flagcdn.com/w320/km.png"
  },
  {
    "name": "Costa Rica",
    "official": "Republic of Costa Rica",
    "nativeName": "Costa Rica",
    "a2code": "CR",
    "permanentUNSC": false,
    "wikipediaURL": "https://en.wikipedia.org/wiki/Costa Rica",
    "capital": "San José",
    "regionId": "2",
    "languages": "Spanish",
    "population": 5094114,
    "flag": "https://flagcdn.com/w320/cr.png"
  },
  {
    "name": "Croatia",
    "official": "Republic of Croatia",
    "nativeName": "Hrvatska",
    "a2code": "HR",
    "permanentUNSC": false,
    "wikipediaURL": "https://en.wikipedia.org/wiki/Croatia",
    "capital": "Zagreb",
    "regionId": "4",
    "languages": "Croatian",
    "population": 4047200,
    "flag": "https://flagcdn.com/w320/hr.png"
  },
  {
    "name": "Cuba",
    "official": "Republic of Cuba",
    "nativeName": "Cuba",
    "a2code": "CU",
    "permanentUNSC": false,
    "wikipediaURL": "https://en.wikipedia.org/wiki/Cuba",
    "capital": "Havana",
    "regionId": "2",
    "languages": "Spanish",
    "population": 11326616,
    "flag": "https://flagcdn.com/w320/cu.png"
  },
  {
    "name": "Cyprus",
    "official": "Republic of Cyprus",
    "nativeName": "Κύπρος",
    "a2code": "CY",
    "permanentUNSC": false,
    "wikipediaURL": "https://en.wikipedia.org/wiki/Cyprus",
    "capital": "Nicosia",
    "regionId": "4",
    "languages": "Greek,Turkish",
    "population": 1207361,
    "flag": "https://flagcdn.com/w320/cy.png"
  },
  {
    "name": "Czechia",
    "official": "Czech Republic",
    "nativeName": "Česko",
    "a2code": "CZ",
    "permanentUNSC": false,
    "wikipediaURL": "https://en.wikipedia.org/wiki/Czechia",
    "capital": "Prague",
    "regionId": "4",
    "languages": "Czech,Slovak",
    "population": 10698896,
    "flag": "https://flagcdn.com/w320/cz.png"
  },
  {
    "name": "Denmark",
    "official": "Kingdom of Denmark",
    "nativeName": "Danmark",
    "a2code": "DK",
    "permanentUNSC": false,
    "wikipediaURL": "https://en.wikipedia.org/wiki/Denmark",
    "capital": "Copenhagen",
    "regionId": "4",
    "languages": "Danish",
    "population": 5831404,
    "flag": "https://flagcdn.com/w320/dk.png"
  },
  {
    "name": "Djibouti",
    "official": "Republic of Djibouti",
    "nativeName": "جيبوتي‎",
    "a2code": "DJ",
    "permanentUNSC": false,
    "wikipediaURL": "https://en.wikipedia.org/wiki/Djibouti",
    "capital": "Djibouti",
    "regionId": "1",
    "languages": "Arabic,French",
    "population": 988002,
    "flag": "https://flagcdn.com/w320/dj.png"
  },
  {
    "name": "Dominica",
    "official": "Commonwealth of Dominica",
    "nativeName": "Dominica",
    "a2code": "DM",
    "permanentUNSC": false,
    "wikipediaURL": "https://en.wikipedia.org/wiki/Dominica",
    "capital": "Roseau",
    "regionId": "2",
    "languages": "English",
    "population": 71991,
    "flag": "https://flagcdn.com/w320/dm.png"
  },
  {
    "name": "Dominican Republic",
    "official": "Dominican Republic",
    "nativeName": "República Dominicana",
    "a2code": "DO",
    "permanentUNSC": false,
    "wikipediaURL": "https://en.wikipedia.org/wiki/Dominican Republic",
    "capital": "Santo Domingo",
    "regionId": "2",
    "languages": "Spanish",
    "population": 10847904,
    "flag": "https://flagcdn.com/w320/do.png"
  },
  {
    "name": "DR Congo",
    "official": "Democratic Republic of the Congo",
    "nativeName": "RD Congo",
    "a2code": "CD",
    "permanentUNSC": false,
    "wikipediaURL": "https://en.wikipedia.org/wiki/DR Congo",
    "capital": "Kinshasa",
    "regionId": "1",
    "languages": "French,Kikongo,Lingala,Tshiluba,Swahili",
    "population": 108407721,
    "flag": "https://flagcdn.com/w320/cd.png"
  },
  {
    "name": "Ecuador",
    "official": "Republic of Ecuador",
    "nativeName": "Ecuador",
    "a2code": "EC",
    "permanentUNSC": false,
    "wikipediaURL": "https://en.wikipedia.org/wiki/Ecuador",
    "capital": "Quito",
    "regionId": "2",
    "languages": "Spanish",
    "population": 17643060,
    "flag": "https://flagcdn.com/w320/ec.png"
  },
  {
    "name": "Egypt",
    "official": "Arab Republic of Egypt",
    "nativeName": "مصر",
    "a2code": "EG",
    "permanentUNSC": false,
    "wikipediaURL": "https://en.wikipedia.org/wiki/Egypt",
    "capital": "Cairo",
    "regionId": "1",
    "languages": "Arabic",
    "population": 102334403,
    "flag": "https://flagcdn.com/w320/eg.png"
  },
  {
    "name": "El Salvador",
    "official": "Republic of El Salvador",
    "nativeName": "El Salvador",
    "a2code": "SV",
    "permanentUNSC": false,
    "wikipediaURL": "https://en.wikipedia.org/wiki/El Salvador",
    "capital": "San Salvador",
    "regionId": "2",
    "languages": "Spanish",
    "population": 6486201,
    "flag": "https://flagcdn.com/w320/sv.png"
  },
  {
    "name": "Equatorial Guinea",
    "official": "Republic of Equatorial Guinea",
    "nativeName": "Guinée équatoriale",
    "a2code": "GQ",
    "permanentUNSC": false,
    "wikipediaURL": "https://en.wikipedia.org/wiki/Equatorial Guinea",
    "capital": "Malabo",
    "regionId": "1",
    "languages": "French,Portuguese,Spanish",
    "population": 1402985,
    "flag": "https://flagcdn.com/w320/gq.png"
  },
  {
    "name": "Eritrea",
    "official": "State of Eritrea",
    "nativeName": "إرتريا‎",
    "a2code": "ER",
    "permanentUNSC": false,
    "wikipediaURL": "https://en.wikipedia.org/wiki/Eritrea",
    "capital": "Asmara",
    "regionId": "1",
    "languages": "Arabic,English,Tigrinya",
    "population": 5352000,
    "flag": "https://flagcdn.com/w320/er.png"
  },
  {
    "name": "Estonia",
    "official": "Republic of Estonia",
    "nativeName": "Eesti",
    "a2code": "EE",
    "permanentUNSC": false,
    "wikipediaURL": "https://en.wikipedia.org/wiki/Estonia",
    "capital": "Tallinn",
    "regionId": "4",
    "languages": "Estonian",
    "population": 1331057,
    "flag": "https://flagcdn.com/w320/ee.png"
  },
  {
    "name": "Eswatini",
    "official": "Kingdom of Eswatini",
    "nativeName": "Eswatini",
    "a2code": "SZ",
    "permanentUNSC": false,
    "wikipediaURL": "https://en.wikipedia.org/wiki/Eswatini",
    "capital": "Mbabane",
    "regionId": "1",
    "languages": "English,Swazi",
    "population": 1160164,
    "flag": "https://flagcdn.com/w320/sz.png"
  },
  {
    "name": "Ethiopia",
    "official": "Federal Democratic Republic of Ethiopia",
    "nativeName": "ኢትዮጵያ",
    "a2code": "ET",
    "permanentUNSC": false,
    "wikipediaURL": "https://en.wikipedia.org/wiki/Ethiopia",
    "capital": "Addis Ababa",
    "regionId": "1",
    "languages": "Amharic",
    "population": 114963583,
    "flag": "https://flagcdn.com/w320/et.png"
  },
  {
    "name": "Fiji",
    "official": "Republic of Fiji",
    "nativeName": "Fiji",
    "a2code": "FJ",
    "permanentUNSC": false,
    "wikipediaURL": "https://en.wikipedia.org/wiki/Fiji",
    "capital": "Suva",
    "regionId": "5",
    "languages": "English,Fijian,Fiji Hindi",
    "population": 896444,
    "flag": "https://flagcdn.com/w320/fj.png"
  },
  {
    "name": "Finland",
    "official": "Republic of Finland",
    "nativeName": "Suomi",
    "a2code": "FI",
    "permanentUNSC": false,
    "wikipediaURL": "https://en.wikipedia.org/wiki/Finland",
    "capital": "Helsinki",
    "regionId": "4",
    "languages": "Finnish,Swedish",
    "population": 5530719,
    "flag": "https://flagcdn.com/w320/fi.png"
  },
  {
    "name": "France",
    "official": "French Republic",
    "nativeName": "France",
    "a2code": "FR",
    "permanentUNSC": false,
    "wikipediaURL": "https://en.wikipedia.org/wiki/France",
    "capital": "Paris",
    "regionId": "4",
    "languages": "French",
    "population": 67391582,
    "flag": "https://flagcdn.com/w320/fr.png"
  },
  {
    "name": "Gabon",
    "official": "Gabonese Republic",
    "nativeName": "Gabon",
    "a2code": "GA",
    "permanentUNSC": false,
    "wikipediaURL": "https://en.wikipedia.org/wiki/Gabon",
    "capital": "Libreville",
    "regionId": "1",
    "languages": "French",
    "population": 2225728,
    "flag": "https://flagcdn.com/w320/ga.png"
  },
  {
    "name": "Gambia",
    "official": "Republic of the Gambia",
    "nativeName": "Gambia",
    "a2code": "GM",
    "permanentUNSC": false,
    "wikipediaURL": "https://en.wikipedia.org/wiki/Gambia",
    "capital": "Banjul",
    "regionId": "1",
    "languages": "English",
    "population": 2416664,
    "flag": "https://flagcdn.com/w320/gm.png"
  },
  {
    "name": "Georgia",
    "official": "Georgia",
    "nativeName": "საქართველო",
    "a2code": "GE",
    "permanentUNSC": false,
    "wikipediaURL": "https://en.wikipedia.org/wiki/Georgia",
    "capital": "Tbilisi",
    "regionId": "3",
    "languages": "Georgian",
    "population": 3714000,
    "flag": "https://flagcdn.com/w320/ge.png"
  },
  {
    "name": "Germany",
    "official": "Federal Republic of Germany",
    "nativeName": "Deutschland",
    "a2code": "DE",
    "permanentUNSC": false,
    "wikipediaURL": "https://en.wikipedia.org/wiki/Germany",
    "capital": "Berlin",
    "regionId": "4",
    "languages": "German",
    "population": 83240525,
    "flag": "https://flagcdn.com/w320/de.png"
  },
  {
    "name": "Ghana",
    "official": "Republic of Ghana",
    "nativeName": "Ghana",
    "a2code": "GH",
    "permanentUNSC": false,
    "wikipediaURL": "https://en.wikipedia.org/wiki/Ghana",
    "capital": "Accra",
    "regionId": "1",
    "languages": "English",
    "population": 31072945,
    "flag": "https://flagcdn.com/w320/gh.png"
  },
  {
    "name": "Greece",
    "official": "Hellenic Republic",
    "nativeName": "Ελλάδα",
    "a2code": "GR",
    "permanentUNSC": false,
    "wikipediaURL": "https://en.wikipedia.org/wiki/Greece",
    "capital": "Athens",
    "regionId": "4",
    "languages": "Greek",
    "population": 10715549,
    "flag": "https://flagcdn.com/w320/gr.png"
  },
  {
    "name": "Grenada",
    "official": "Grenada",
    "nativeName": "Grenada",
    "a2code": "GD",
    "permanentUNSC": false,
    "wikipediaURL": "https://en.wikipedia.org/wiki/Grenada",
    "capital": "St. George's",
    "regionId": "2",
    "languages": "English",
    "population": 112519,
    "flag": "https://flagcdn.com/w320/gd.png"
  },
  {
    "name": "Guatemala",
    "official": "Republic of Guatemala",
    "nativeName": "Guatemala",
    "a2code": "GT",
    "permanentUNSC": false,
    "wikipediaURL": "https://en.wikipedia.org/wiki/Guatemala",
    "capital": "Guatemala City",
    "regionId": "2",
    "languages": "Spanish",
    "population": 16858333,
    "flag": "https://flagcdn.com/w320/gt.png"
  },
  {
    "name": "Guinea",
    "official": "Republic of Guinea",
    "nativeName": "Guinée",
    "a2code": "GN",
    "permanentUNSC": false,
    "wikipediaURL": "https://en.wikipedia.org/wiki/Guinea",
    "capital": "Conakry",
    "regionId": "1",
    "languages": "French",
    "population": 13132792,
    "flag": "https://flagcdn.com/w320/gn.png"
  },
  {
    "name": "Guyana",
    "official": "Co-operative Republic of Guyana",
    "nativeName": "Guyana",
    "a2code": "GY",
    "permanentUNSC": false,
    "wikipediaURL": "https://en.wikipedia.org/wiki/Guyana",
    "capital": "Georgetown",
    "regionId": "2",
    "languages": "English",
    "population": 786559,
    "flag": "https://flagcdn.com/w320/gy.png"
  },
  {
    "name": "Haiti",
    "official": "Republic of Haiti",
    "nativeName": "Haïti",
    "a2code": "HT",
    "permanentUNSC": false,
    "wikipediaURL": "https://en.wikipedia.org/wiki/Haiti",
    "capital": "Port-au-Prince",
    "regionId": "2",
    "languages": "French,Haitian Creole",
    "population": 11402533,
    "flag": "https://flagcdn.com/w320/ht.png"
  },
  {
    "name": "Honduras",
    "official": "Republic of Honduras",
    "nativeName": "Honduras",
    "a2code": "HN",
    "permanentUNSC": false,
    "wikipediaURL": "https://en.wikipedia.org/wiki/Honduras",
    "capital": "Tegucigalpa",
    "regionId": "2",
    "languages": "Spanish",
    "population": 9904608,
    "flag": "https://flagcdn.com/w320/hn.png"
  },
  {
    "name": "Hungary",
    "official": "Hungary",
    "nativeName": "Magyarország",
    "a2code": "HU",
    "permanentUNSC": false,
    "wikipediaURL": "https://en.wikipedia.org/wiki/Hungary",
    "capital": "Budapest",
    "regionId": "4",
    "languages": "Hungarian",
    "population": 9749763,
    "flag": "https://flagcdn.com/w320/hu.png"
  },
  {
    "name": "Iceland",
    "official": "Iceland",
    "nativeName": "Ísland",
    "a2code": "IS",
    "permanentUNSC": false,
    "wikipediaURL": "https://en.wikipedia.org/wiki/Iceland",
    "capital": "Reykjavik",
    "regionId": "4",
    "languages": "Icelandic",
    "population": 366425,
    "flag": "https://flagcdn.com/w320/is.png"
  },
  {
    "name": "India",
    "official": "Republic of India",
    "nativeName": "India",
    "a2code": "IN",
    "permanentUNSC": false,
    "wikipediaURL": "https://en.wikipedia.org/wiki/India",
    "capital": "New Delhi",
    "regionId": "3",
    "languages": "English,Hindi,Tamil",
    "population": 1380004385,
    "flag": "https://flagcdn.com/w320/in.png"
  },
  {
    "name": "Indonesia",
    "official": "Republic of Indonesia",
    "nativeName": "Indonesia",
    "a2code": "ID",
    "permanentUNSC": false,
    "wikipediaURL": "https://en.wikipedia.org/wiki/Indonesia",
    "capital": "Jakarta",
    "regionId": "3",
    "languages": "Indonesian",
    "population": 273523621,
    "flag": "https://flagcdn.com/w320/id.png"
  },
  {
    "name": "Iran",
    "official": "Islamic Republic of Iran",
    "nativeName": "ایران",
    "a2code": "IR",
    "permanentUNSC": false,
    "wikipediaURL": "https://en.wikipedia.org/wiki/Iran",
    "capital": "Tehran",
    "regionId": "3",
    "languages": "Persian (Farsi)",
    "population": 83992953,
    "flag": "https://flagcdn.com/w320/ir.png"
  },
  {
    "name": "Iraq",
    "official": "Republic of Iraq",
    "nativeName": "العراق",
    "a2code": "IQ",
    "permanentUNSC": false,
    "wikipediaURL": "https://en.wikipedia.org/wiki/Iraq",
    "capital": "Baghdad",
    "regionId": "3",
    "languages": "Arabic,Aramaic,Sorani",
    "population": 40222503,
    "flag": "https://flagcdn.com/w320/iq.png"
  },
  {
    "name": "Ireland",
    "official": "Republic of Ireland",
    "nativeName": "Ireland",
    "a2code": "IE",
    "permanentUNSC": false,
    "wikipediaURL": "https://en.wikipedia.org/wiki/Ireland",
    "capital": "Dublin",
    "regionId": "4",
    "languages": "English,Irish",
    "population": 4994724,
    "flag": "https://flagcdn.com/w320/ie.png"
  },
  {
    "name": "Israel",
    "official": "State of Israel",
    "nativeName": "إسرائيل",
    "a2code": "IL",
    "permanentUNSC": false,
    "wikipediaURL": "https://en.wikipedia.org/wiki/Israel",
    "capital": "Jerusalem",
    "regionId": "3",
    "languages": "Arabic,Hebrew",
    "population": 9216900,
    "flag": "https://flagcdn.com/w320/il.png"
  },
  {
    "name": "Italy",
    "official": "Italian Republic",
    "nativeName": "Italia",
    "a2code": "IT",
    "permanentUNSC": false,
    "wikipediaURL": "https://en.wikipedia.org/wiki/Italy",
    "capital": "Rome",
    "regionId": "4",
    "languages": "Italian",
    "population": 59554023,
    "flag": "https://flagcdn.com/w320/it.png"
  },
  {
    "name": "Ivory Coast",
    "official": "Republic of Côte d'Ivoire",
    "nativeName": "Côte d'Ivoire",
    "a2code": "CI",
    "permanentUNSC": false,
    "wikipediaURL": "https://en.wikipedia.org/wiki/Ivory Coast",
    "capital": "Yamoussoukro",
    "regionId": "1",
    "languages": "French",
    "population": 26378275,
    "flag": "https://flagcdn.com/w320/ci.png"
  },
  {
    "name": "Jamaica",
    "official": "Jamaica",
    "nativeName": "Jamaica",
    "a2code": "JM",
    "permanentUNSC": false,
    "wikipediaURL": "https://en.wikipedia.org/wiki/Jamaica",
    "capital": "Kingston",
    "regionId": "2",
    "languages": "English,Jamaican Patois",
    "population": 2961161,
    "flag": "https://flagcdn.com/w320/jm.png"
  },
  {
    "name": "Japan",
    "official": "Japan",
    "nativeName": "日本",
    "a2code": "JP",
    "permanentUNSC": false,
    "wikipediaURL": "https://en.wikipedia.org/wiki/Japan",
    "capital": "Tokyo",
    "regionId": "3",
    "languages": "Japanese",
    "population": 125836021,
    "flag": "https://flagcdn.com/w320/jp.png"
  },
  {
    "name": "Jordan",
    "official": "Hashemite Kingdom of Jordan",
    "nativeName": "الأردن",
    "a2code": "JO",
    "permanentUNSC": false,
    "wikipediaURL": "https://en.wikipedia.org/wiki/Jordan",
    "capital": "Amman",
    "regionId": "3",
    "languages": "Arabic",
    "population": 10203140,
    "flag": "https://flagcdn.com/w320/jo.png"
  },
  {
    "name": "Kazakhstan",
    "official": "Republic of Kazakhstan",
    "nativeName": "Қазақстан",
    "a2code": "KZ",
    "permanentUNSC": false,
    "wikipediaURL": "https://en.wikipedia.org/wiki/Kazakhstan",
    "capital": "Nur-Sultan",
    "regionId": "3",
    "languages": "Kazakh,Russian",
    "population": 18754440,
    "flag": "https://flagcdn.com/w320/kz.png"
  },
  {
    "name": "Kenya",
    "official": "Republic of Kenya",
    "nativeName": "Kenya",
    "a2code": "KE",
    "permanentUNSC": false,
    "wikipediaURL": "https://en.wikipedia.org/wiki/Kenya",
    "capital": "Nairobi",
    "regionId": "1",
    "languages": "English,Swahili",
    "population": 53771300,
    "flag": "https://flagcdn.com/w320/ke.png"
  },
  {
    "name": "Kiribati",
    "official": "Independent and Sovereign Republic of Kiribati",
    "nativeName": "Kiribati",
    "a2code": "KI",
    "permanentUNSC": false,
    "wikipediaURL": "https://en.wikipedia.org/wiki/Kiribati",
    "capital": "South Tarawa",
    "regionId": "5",
    "languages": "English,Gilbertese",
    "population": 119446,
    "flag": "https://flagcdn.com/w320/ki.png"
  },
  {
    "name": "Kuwait",
    "official": "State of Kuwait",
    "nativeName": "الكويت",
    "a2code": "KW",
    "permanentUNSC": false,
    "wikipediaURL": "https://en.wikipedia.org/wiki/Kuwait",
    "capital": "Kuwait City",
    "regionId": "3",
    "languages": "Arabic",
    "population": 4270563,
    "flag": "https://flagcdn.com/w320/kw.png"
  },
  {
    "name": "Kyrgyzstan",
    "official": "Kyrgyz Republic",
    "nativeName": "Кыргызстан",
    "a2code": "KG",
    "permanentUNSC": false,
    "wikipediaURL": "https://en.wikipedia.org/wiki/Kyrgyzstan",
    "capital": "Bishkek",
    "regionId": "3",
    "languages": "Kyrgyz,Russian",
    "population": 6591600,
    "flag": "https://flagcdn.com/w320/kg.png"
  },
  {
    "name": "Laos",
    "official": "Lao People's Democratic Republic",
    "nativeName": "ສປປລາວ",
    "a2code": "LA",
    "permanentUNSC": false,
    "wikipediaURL": "https://en.wikipedia.org/wiki/Laos",
    "capital": "Vientiane",
    "regionId": "3",
    "languages": "Lao",
    "population": 7275556,
    "flag": "https://flagcdn.com/w320/la.png"
  },
  {
    "name": "Latvia",
    "official": "Republic of Latvia",
    "nativeName": "Latvija",
    "a2code": "LV",
    "permanentUNSC": false,
    "wikipediaURL": "https://en.wikipedia.org/wiki/Latvia",
    "capital": "Riga",
    "regionId": "4",
    "languages": "Latvian",
    "population": 1901548,
    "flag": "https://flagcdn.com/w320/lv.png"
  },
  {
    "name": "Lebanon",
    "official": "Lebanese Republic",
    "nativeName": "لبنان",
    "a2code": "LB",
    "permanentUNSC": false,
    "wikipediaURL": "https://en.wikipedia.org/wiki/Lebanon",
    "capital": "Beirut",
    "regionId": "3",
    "languages": "Arabic,French",
    "population": 6825442,
    "flag": "https://flagcdn.com/w320/lb.png"
  },
  {
    "name": "Lesotho",
    "official": "Kingdom of Lesotho",
    "nativeName": "Lesotho",
    "a2code": "LS",
    "permanentUNSC": false,
    "wikipediaURL": "https://en.wikipedia.org/wiki/Lesotho",
    "capital": "Maseru",
    "regionId": "1",
    "languages": "English,Sotho",
    "population": 2142252,
    "flag": "https://flagcdn.com/w320/ls.png"
  },
  {
    "name": "Liberia",
    "official": "Republic of Liberia",
    "nativeName": "Liberia",
    "a2code": "LR",
    "permanentUNSC": false,
    "wikipediaURL": "https://en.wikipedia.org/wiki/Liberia",
    "capital": "Monrovia",
    "regionId": "1",
    "languages": "English",
    "population": 5057677,
    "flag": "https://flagcdn.com/w320/lr.png"
  },
  {
    "name": "Libya",
    "official": "State of Libya",
    "nativeName": "‏ليبيا",
    "a2code": "LY",
    "permanentUNSC": false,
    "wikipediaURL": "https://en.wikipedia.org/wiki/Libya",
    "capital": "Tripoli",
    "regionId": "1",
    "languages": "Arabic",
    "population": 6871287,
    "flag": "https://flagcdn.com/w320/ly.png"
  },
  {
    "name": "Liechtenstein",
    "official": "Principality of Liechtenstein",
    "nativeName": "Liechtenstein",
    "a2code": "LI",
    "permanentUNSC": false,
    "wikipediaURL": "https://en.wikipedia.org/wiki/Liechtenstein",
    "capital": "Vaduz",
    "regionId": "4",
    "languages": "German",
    "population": 38137,
    "flag": "https://flagcdn.com/w320/li.png"
  },
  {
    "name": "Lithuania",
    "official": "Republic of Lithuania",
    "nativeName": "Lietuva",
    "a2code": "LT",
    "permanentUNSC": false,
    "wikipediaURL": "https://en.wikipedia.org/wiki/Lithuania",
    "capital": "Vilnius",
    "regionId": "4",
    "languages": "Lithuanian",
    "population": 2794700,
    "flag": "https://flagcdn.com/w320/lt.png"
  },
  {
    "name": "Luxembourg",
    "official": "Grand Duchy of Luxembourg",
    "nativeName": "Luxemburg",
    "a2code": "LU",
    "permanentUNSC": false,
    "wikipediaURL": "https://en.wikipedia.org/wiki/Luxembourg",
    "capital": "Luxembourg",
    "regionId": "4",
    "languages": "German,French,Luxembourgish",
    "population": 632275,
    "flag": "https://flagcdn.com/w320/lu.png"
  },
  {
    "name": "Madagascar",
    "official": "Republic of Madagascar",
    "nativeName": "Madagascar",
    "a2code": "MG",
    "permanentUNSC": false,
    "wikipediaURL": "https://en.wikipedia.org/wiki/Madagascar",
    "capital": "Antananarivo",
    "regionId": "1",
    "languages": "French,Malagasy",
    "population": 27691019,
    "flag": "https://flagcdn.com/w320/mg.png"
  },
  {
    "name": "Malawi",
    "official": "Republic of Malawi",
    "nativeName": "Malawi",
    "a2code": "MW",
    "permanentUNSC": false,
    "wikipediaURL": "https://en.wikipedia.org/wiki/Malawi",
    "capital": "Lilongwe",
    "regionId": "1",
    "languages": "English,Chewa",
    "population": 19129955,
    "flag": "https://flagcdn.com/w320/mw.png"
  },
  {
    "name": "Malaysia",
    "official": "Malaysia",
    "nativeName": "Malaysia",
    "a2code": "MY",
    "permanentUNSC": false,
    "wikipediaURL": "https://en.wikipedia.org/wiki/Malaysia",
    "capital": "Kuala Lumpur",
    "regionId": "3",
    "languages": "English,Malay",
    "population": 32365998,
    "flag": "https://flagcdn.com/w320/my.png"
  },
  {
    "name": "Maldives",
    "official": "Republic of the Maldives",
    "nativeName": "ދިވެހިރާއްޖޭގެ",
    "a2code": "MV",
    "permanentUNSC": false,
    "wikipediaURL": "https://en.wikipedia.org/wiki/Maldives",
    "capital": "Malé",
    "regionId": "3",
    "languages": "Maldivian",
    "population": 540542,
    "flag": "https://flagcdn.com/w320/mv.png"
  },
  {
    "name": "Mali",
    "official": "Republic of Mali",
    "nativeName": "Mali",
    "a2code": "ML",
    "permanentUNSC": false,
    "wikipediaURL": "https://en.wikipedia.org/wiki/Mali",
    "capital": "Bamako",
    "regionId": "1",
    "languages": "French",
    "population": 20250834,
    "flag": "https://flagcdn.com/w320/ml.png"
  },
  {
    "name": "Malta",
    "official": "Republic of Malta",
    "nativeName": "Malta",
    "a2code": "MT",
    "permanentUNSC": false,
    "wikipediaURL": "https://en.wikipedia.org/wiki/Malta",
    "capital": "Valletta",
    "regionId": "4",
    "languages": "English,Maltese",
    "population": 525285,
    "flag": "https://flagcdn.com/w320/mt.png"
  },
  {
    "name": "Marshall Islands",
    "official": "Republic of the Marshall Islands",
    "nativeName": "Marshall Islands",
    "a2code": "MH",
    "permanentUNSC": false,
    "wikipediaURL": "https://en.wikipedia.org/wiki/Marshall Islands",
    "capital": "Majuro",
    "regionId": "5",
    "languages": "English,Marshallese",
    "population": 59194,
    "flag": "https://flagcdn.com/w320/mh.png"
  },
  {
    "name": "Mauritania",
    "official": "Islamic Republic of Mauritania",
    "nativeName": "موريتانيا",
    "a2code": "MR",
    "permanentUNSC": false,
    "wikipediaURL": "https://en.wikipedia.org/wiki/Mauritania",
    "capital": "Nouakchott",
    "regionId": "1",
    "languages": "Arabic",
    "population": 4649660,
    "flag": "https://flagcdn.com/w320/mr.png"
  },
  {
    "name": "Mauritius",
    "official": "Republic of Mauritius",
    "nativeName": "Mauritius",
    "a2code": "MU",
    "permanentUNSC": false,
    "wikipediaURL": "https://en.wikipedia.org/wiki/Mauritius",
    "capital": "Port Louis",
    "regionId": "1",
    "languages": "English,French,Mauritian Creole",
    "population": 1265740,
    "flag": "https://flagcdn.com/w320/mu.png"
  },
  {
    "name": "Mexico",
    "official": "United Mexican States",
    "nativeName": "México",
    "a2code": "MX",
    "permanentUNSC": false,
    "wikipediaURL": "https://en.wikipedia.org/wiki/Mexico",
    "capital": "Mexico City",
    "regionId": "2",
    "languages": "Spanish",
    "population": 128932753,
    "flag": "https://flagcdn.com/w320/mx.png"
  },
  {
    "name": "Micronesia",
    "official": "Federated States of Micronesia",
    "nativeName": "Micronesia",
    "a2code": "FM",
    "permanentUNSC": false,
    "wikipediaURL": "https://en.wikipedia.org/wiki/Micronesia",
    "capital": "Palikir",
    "regionId": "5",
    "languages": "English",
    "population": 115021,
    "flag": "https://flagcdn.com/w320/fm.png"
  },
  {
    "name": "Moldova",
    "official": "Republic of Moldova",
    "nativeName": "Moldova",
    "a2code": "MD",
    "permanentUNSC": false,
    "wikipediaURL": "https://en.wikipedia.org/wiki/Moldova",
    "capital": "Chișinău",
    "regionId": "4",
    "languages": "Romanian",
    "population": 2617820,
    "flag": "https://flagcdn.com/w320/md.png"
  },
  {
    "name": "Monaco",
    "official": "Principality of Monaco",
    "nativeName": "Monaco",
    "a2code": "MC",
    "permanentUNSC": false,
    "wikipediaURL": "https://en.wikipedia.org/wiki/Monaco",
    "capital": "Monaco",
    "regionId": "4",
    "languages": "French",
    "population": 39244,
    "flag": "https://flagcdn.com/w320/mc.png"
  },
  {
    "name": "Mongolia",
    "official": "Mongolia",
    "nativeName": "Монгол улс",
    "a2code": "MN",
    "permanentUNSC": false,
    "wikipediaURL": "https://en.wikipedia.org/wiki/Mongolia",
    "capital": "Ulan Bator",
    "regionId": "3",
    "languages": "Mongolian",
    "population": 3278292,
    "flag": "https://flagcdn.com/w320/mn.png"
  },
  {
    "name": "Montenegro",
    "official": "Montenegro",
    "nativeName": "Црна Гора",
    "a2code": "ME",
    "permanentUNSC": false,
    "wikipediaURL": "https://en.wikipedia.org/wiki/Montenegro",
    "capital": "Podgorica",
    "regionId": "4",
    "languages": "Montenegrin",
    "population": 621718,
    "flag": "https://flagcdn.com/w320/me.png"
  },
  {
    "name": "Morocco",
    "official": "Kingdom of Morocco",
    "nativeName": "المغرب",
    "a2code": "MA",
    "permanentUNSC": false,
    "wikipediaURL": "https://en.wikipedia.org/wiki/Morocco",
    "capital": "Rabat",
    "regionId": "1",
    "languages": "Arabic,Berber",
    "population": 36910558,
    "flag": "https://flagcdn.com/w320/ma.png"
  },
  {
    "name": "Mozambique",
    "official": "Republic of Mozambique",
    "nativeName": "Moçambique",
    "a2code": "MZ",
    "permanentUNSC": false,
    "wikipediaURL": "https://en.wikipedia.org/wiki/Mozambique",
    "capital": "Maputo",
    "regionId": "1",
    "languages": "Portuguese",
    "population": 31255435,
    "flag": "https://flagcdn.com/w320/mz.png"
  },
  {
    "name": "Myanmar",
    "official": "Republic of the Union of Myanmar",
    "nativeName": "မြန်မာ",
    "a2code": "MM",
    "permanentUNSC": false,
    "wikipediaURL": "https://en.wikipedia.org/wiki/Myanmar",
    "capital": "Naypyidaw",
    "regionId": "3",
    "languages": "Burmese",
    "population": 54409794,
    "flag": "https://flagcdn.com/w320/mm.png"
  },
  {
    "name": "Namibia",
    "official": "Republic of Namibia",
    "nativeName": "Namibië",
    "a2code": "NA",
    "permanentUNSC": false,
    "wikipediaURL": "https://en.wikipedia.org/wiki/Namibia",
    "capital": "Windhoek",
    "regionId": "1",
    "languages": "Afrikaans,German,English,Herero,Khoekhoe,Kwangali,Lozi,Ndonga,Tswana",
    "population": 2540916,
    "flag": "https://flagcdn.com/w320/na.png"
  },
  {
    "name": "Nauru",
    "official": "Republic of Nauru",
    "nativeName": "Nauru",
    "a2code": "NR",
    "permanentUNSC": false,
    "wikipediaURL": "https://en.wikipedia.org/wiki/Nauru",
    "capital": "Yaren",
    "regionId": "5",
    "languages": "English,Nauru",
    "population": 10834,
    "flag": "https://flagcdn.com/w320/nr.png"
  },
  {
    "name": "Nepal",
    "official": "Federal Democratic Republic of Nepal",
    "nativeName": "नेपाल",
    "a2code": "NP",
    "permanentUNSC": false,
    "wikipediaURL": "https://en.wikipedia.org/wiki/Nepal",
    "capital": "Kathmandu",
    "regionId": "3",
    "languages": "Nepali",
    "population": 29136808,
    "flag": "https://flagcdn.com/w320/np.png"
  },
  {
    "name": "Netherlands",
    "official": "Kingdom of the Netherlands",
    "nativeName": "Nederland",
    "a2code": "NL",
    "permanentUNSC": false,
    "wikipediaURL": "https://en.wikipedia.org/wiki/Netherlands",
    "capital": "Amsterdam",
    "regionId": "4",
    "languages": "Dutch",
    "population": 16655799,
    "flag": "https://flagcdn.com/w320/nl.png"
  },
  {
    "name": "New Zealand",
    "official": "New Zealand",
    "nativeName": "New Zealand",
    "a2code": "NZ",
    "permanentUNSC": false,
    "wikipediaURL": "https://en.wikipedia.org/wiki/New Zealand",
    "capital": "Wellington",
    "regionId": "5",
    "languages": "English,Māori,New Zealand Sign Language",
    "population": 5084300,
    "flag": "https://flagcdn.com/w320/nz.png"
  },
  {
    "name": "Nicaragua",
    "official": "Republic of Nicaragua",
    "nativeName": "Nicaragua",
    "a2code": "NI",
    "permanentUNSC": false,
    "wikipediaURL": "https://en.wikipedia.org/wiki/Nicaragua",
    "capital": "Managua",
    "regionId": "2",
    "languages": "Spanish",
    "population": 6624554,
    "flag": "https://flagcdn.com/w320/ni.png"
  },
  {
    "name": "Niger",
    "official": "Republic of Niger",
    "nativeName": "Niger",
    "a2code": "NE",
    "permanentUNSC": false,
    "wikipediaURL": "https://en.wikipedia.org/wiki/Niger",
    "capital": "Niamey",
    "regionId": "1",
    "languages": "French",
    "population": 24206636,
    "flag": "https://flagcdn.com/w320/ne.png"
  },
  {
    "name": "Nigeria",
    "official": "Federal Republic of Nigeria",
    "nativeName": "Nigeria",
    "a2code": "NG",
    "permanentUNSC": false,
    "wikipediaURL": "https://en.wikipedia.org/wiki/Nigeria",
    "capital": "Abuja",
    "regionId": "1",
    "languages": "English",
    "population": 206139587,
    "flag": "https://flagcdn.com/w320/ng.png"
  },
  {
    "name": "North Korea",
    "official": "Democratic People's Republic of Korea",
    "nativeName": "조선",
    "a2code": "KP",
    "permanentUNSC": false,
    "wikipediaURL": "https://en.wikipedia.org/wiki/North Korea",
    "capital": "Pyongyang",
    "regionId": "3",
    "languages": "Korean",
    "population": 25778815,
    "flag": "https://flagcdn.com/w320/kp.png"
  },
  {
    "name": "North Macedonia",
    "official": "Republic of North Macedonia",
    "nativeName": "Македонија",
    "a2code": "MK",
    "permanentUNSC": false,
    "wikipediaURL": "https://en.wikipedia.org/wiki/North Macedonia",
    "capital": "Skopje",
    "regionId": "4",
    "languages": "Macedonian",
    "population": 2077132,
    "flag": "https://flagcdn.com/w320/mk.png"
  },
  {
    "name": "Norway",
    "official": "Kingdom of Norway",
    "nativeName": "Noreg",
    "a2code": "NO",
    "permanentUNSC": false,
    "wikipediaURL": "https://en.wikipedia.org/wiki/Norway",
    "capital": "Oslo",
    "regionId": "4",
    "languages": "Norwegian Nynorsk,Norwegian Bokmål,Sami",
    "population": 5379475,
    "flag": "https://flagcdn.com/w320/no.png"
  },
  {
    "name": "Oman",
    "official": "Sultanate of Oman",
    "nativeName": "عمان",
    "a2code": "OM",
    "permanentUNSC": false,
    "wikipediaURL": "https://en.wikipedia.org/wiki/Oman",
    "capital": "Muscat",
    "regionId": "3",
    "languages": "Arabic",
    "population": 5106622,
    "flag": "https://flagcdn.com/w320/om.png"
  },
  {
    "name": "Pakistan",
    "official": "Islamic Republic of Pakistan",
    "nativeName": "Pakistan",
    "a2code": "PK",
    "permanentUNSC": false,
    "wikipediaURL": "https://en.wikipedia.org/wiki/Pakistan",
    "capital": "Islamabad",
    "regionId": "3",
    "languages": "English,Urdu",
    "population": 220892331,
    "flag": "https://flagcdn.com/w320/pk.png"
  },
  {
    "name": "Palau",
    "official": "Republic of Palau",
    "nativeName": "Palau",
    "a2code": "PW",
    "permanentUNSC": false,
    "wikipediaURL": "https://en.wikipedia.org/wiki/Palau",
    "capital": "Ngerulmud",
    "regionId": "5",
    "languages": "English,Palauan",
    "population": 18092,
    "flag": "https://flagcdn.com/w320/pw.png"
  },
  {
    "name": "Panama",
    "official": "Republic of Panama",
    "nativeName": "Panamá",
    "a2code": "PA",
    "permanentUNSC": false,
    "wikipediaURL": "https://en.wikipedia.org/wiki/Panama",
    "capital": "Panama City",
    "regionId": "2",
    "languages": "Spanish",
    "population": 4314768,
    "flag": "https://flagcdn.com/w320/pa.png"
  },
  {
    "name": "Papua New Guinea",
    "official": "Independent State of Papua New Guinea",
    "nativeName": "Papua New Guinea",
    "a2code": "PG",
    "permanentUNSC": false,
    "wikipediaURL": "https://en.wikipedia.org/wiki/Papua New Guinea",
    "capital": "Port Moresby",
    "regionId": "5",
    "languages": "English,Hiri Motu,Tok Pisin",
    "population": 8947027,
    "flag": "https://flagcdn.com/w320/pg.png"
  },
  {
    "name": "Paraguay",
    "official": "Republic of Paraguay",
    "nativeName": "Paraguái",
    "a2code": "PY",
    "permanentUNSC": false,
    "wikipediaURL": "https://en.wikipedia.org/wiki/Paraguay",
    "capital": "Asunción",
    "regionId": "2",
    "languages": "Guaraní,Spanish",
    "population": 7132530,
    "flag": "https://flagcdn.com/w320/py.png"
  },
  {
    "name": "Peru",
    "official": "Republic of Peru",
    "nativeName": "Piruw",
    "a2code": "PE",
    "permanentUNSC": false,
    "wikipediaURL": "https://en.wikipedia.org/wiki/Peru",
    "capital": "Lima",
    "regionId": "2",
    "languages": "Aymara,Quechua,Spanish",
    "population": 32971846,
    "flag": "https://flagcdn.com/w320/pe.png"
  },
  {
    "name": "Philippines",
    "official": "Republic of the Philippines",
    "nativeName": "Philippines",
    "a2code": "PH",
    "permanentUNSC": false,
    "wikipediaURL": "https://en.wikipedia.org/wiki/Philippines",
    "capital": "Manila",
    "regionId": "3",
    "languages": "English,Filipino",
    "population": 109581085,
    "flag": "https://flagcdn.com/w320/ph.png"
  },
  {
    "name": "Poland",
    "official": "Republic of Poland",
    "nativeName": "Polska",
    "a2code": "PL",
    "permanentUNSC": false,
    "wikipediaURL": "https://en.wikipedia.org/wiki/Poland",
    "capital": "Warsaw",
    "regionId": "4",
    "languages": "Polish",
    "population": 37950802,
    "flag": "https://flagcdn.com/w320/pl.png"
  },
  {
    "name": "Portugal",
    "official": "Portuguese Republic",
    "nativeName": "Portugal",
    "a2code": "PT",
    "permanentUNSC": false,
    "wikipediaURL": "https://en.wikipedia.org/wiki/Portugal",
    "capital": "Lisbon",
    "regionId": "4",
    "languages": "Portuguese",
    "population": 10305564,
    "flag": "https://flagcdn.com/w320/pt.png"
  },
  {
    "name": "Qatar",
    "official": "State of Qatar",
    "nativeName": "قطر",
    "a2code": "QA",
    "permanentUNSC": false,
    "wikipediaURL": "https://en.wikipedia.org/wiki/Qatar",
    "capital": "Doha",
    "regionId": "3",
    "languages": "Arabic",
    "population": 2881060,
    "flag": "https://flagcdn.com/w320/qa.png"
  },
  {
    "name": "Republic of the Congo",
    "official": "Republic of the Congo",
    "nativeName": "République du Congo",
    "a2code": "CG",
    "permanentUNSC": false,
    "wikipediaURL": "https://en.wikipedia.org/wiki/Republic of the Congo",
    "capital": "Brazzaville",
    "regionId": "1",
    "languages": "French,Kikongo,Lingala",
    "population": 5657000,
    "flag": "https://flagcdn.com/w320/cg.png"
  },
  {
    "name": "Romania",
    "official": "Romania",
    "nativeName": "România",
    "a2code": "RO",
    "permanentUNSC": false,
    "wikipediaURL": "https://en.wikipedia.org/wiki/Romania",
    "capital": "Bucharest",
    "regionId": "4",
    "languages": "Romanian",
    "population": 19286123,
    "flag": "https://flagcdn.com/w320/ro.png"
  },
  {
    "name": "Russia",
    "official": "Russian Federation",
    "nativeName": "Россия",
    "a2code": "RU",
    "permanentUNSC": false,
    "wikipediaURL": "https://en.wikipedia.org/wiki/Russia",
    "capital": "Moscow",
    "regionId": "4",
    "languages": "Russian",
    "population": 144104080,
    "flag": "https://flagcdn.com/w320/ru.png"
  },
  {
    "name": "Rwanda",
    "official": "Republic of Rwanda",
    "nativeName": "Rwanda",
    "a2code": "RW",
    "permanentUNSC": false,
    "wikipediaURL": "https://en.wikipedia.org/wiki/Rwanda",
    "capital": "Kigali",
    "regionId": "1",
    "languages": "English,French,Kinyarwanda",
    "population": 12952209,
    "flag": "https://flagcdn.com/w320/rw.png"
  },
  {
    "name": "Saint Kitts and Nevis",
    "official": "Federation of Saint Christopher and Nevis",
    "nativeName": "Saint Kitts and Nevis",
    "a2code": "KN",
    "permanentUNSC": false,
    "wikipediaURL": "https://en.wikipedia.org/wiki/Saint Kitts and Nevis",
    "capital": "Basseterre",
    "regionId": "2",
    "languages": "English",
    "population": 53192,
    "flag": "https://flagcdn.com/w320/kn.png"
  },
  {
    "name": "Saint Lucia",
    "official": "Saint Lucia",
    "nativeName": "Saint Lucia",
    "a2code": "LC",
    "permanentUNSC": false,
    "wikipediaURL": "https://en.wikipedia.org/wiki/Saint Lucia",
    "capital": "Castries",
    "regionId": "2",
    "languages": "English",
    "population": 183629,
    "flag": "https://flagcdn.com/w320/lc.png"
  },
  {
    "name": "Saint Vincent and the Grenadines",
    "official": "Saint Vincent and the Grenadines",
    "nativeName": "Saint Vincent and the Grenadines",
    "a2code": "VC",
    "permanentUNSC": false,
    "wikipediaURL": "https://en.wikipedia.org/wiki/Saint Vincent and the Grenadines",
    "capital": "Kingstown",
    "regionId": "2",
    "languages": "English",
    "population": 110947,
    "flag": "https://flagcdn.com/w320/vc.png"
  },
  {
    "name": "Samoa",
    "official": "Independent State of Samoa",
    "nativeName": "Samoa",
    "a2code": "WS",
    "permanentUNSC": false,
    "wikipediaURL": "https://en.wikipedia.org/wiki/Samoa",
    "capital": "Apia",
    "regionId": "5",
    "languages": "English,Samoan",
    "population": 198410,
    "flag": "https://flagcdn.com/w320/ws.png"
  },
  {
    "name": "San Marino",
    "official": "Republic of San Marino",
    "nativeName": "San Marino",
    "a2code": "SM",
    "permanentUNSC": false,
    "wikipediaURL": "https://en.wikipedia.org/wiki/San Marino",
    "capital": "City of San Marino",
    "regionId": "4",
    "languages": "Italian",
    "population": 33938,
    "flag": "https://flagcdn.com/w320/sm.png"
  },
  {
    "name": "São Tomé and Príncipe",
    "official": "Democratic Republic of São Tomé and Príncipe",
    "nativeName": "São Tomé e Príncipe",
    "a2code": "ST",
    "permanentUNSC": false,
    "wikipediaURL": "https://en.wikipedia.org/wiki/São Tomé and Príncipe",
    "capital": "São Tomé",
    "regionId": "1",
    "languages": "Portuguese",
    "population": 219161,
    "flag": "https://flagcdn.com/w320/st.png"
  },
  {
    "name": "Saudi Arabia",
    "official": "Kingdom of Saudi Arabia",
    "nativeName": "العربية السعودية",
    "a2code": "SA",
    "permanentUNSC": false,
    "wikipediaURL": "https://en.wikipedia.org/wiki/Saudi Arabia",
    "capital": "Riyadh",
    "regionId": "3",
    "languages": "Arabic",
    "population": 34813867,
    "flag": "https://flagcdn.com/w320/sa.png"
  },
  {
    "name": "Senegal",
    "official": "Republic of Senegal",
    "nativeName": "Sénégal",
    "a2code": "SN",
    "permanentUNSC": false,
    "wikipediaURL": "https://en.wikipedia.org/wiki/Senegal",
    "capital": "Dakar",
    "regionId": "1",
    "languages": "French",
    "population": 16743930,
    "flag": "https://flagcdn.com/w320/sn.png"
  },
  {
    "name": "Serbia",
    "official": "Republic of Serbia",
    "nativeName": "Србија",
    "a2code": "RS",
    "permanentUNSC": false,
    "wikipediaURL": "https://en.wikipedia.org/wiki/Serbia",
    "capital": "Belgrade",
    "regionId": "4",
    "languages": "Serbian",
    "population": 6908224,
    "flag": "https://flagcdn.com/w320/rs.png"
  },
  {
    "name": "Seychelles",
    "official": "Republic of Seychelles",
    "nativeName": "Sesel",
    "a2code": "SC",
    "permanentUNSC": false,
    "wikipediaURL": "https://en.wikipedia.org/wiki/Seychelles",
    "capital": "Victoria",
    "regionId": "1",
    "languages": "Seychellois Creole,English,French",
    "population": 98462,
    "flag": "https://flagcdn.com/w320/sc.png"
  },
  {
    "name": "Sierra Leone",
    "official": "Republic of Sierra Leone",
    "nativeName": "Sierra Leone",
    "a2code": "SL",
    "permanentUNSC": false,
    "wikipediaURL": "https://en.wikipedia.org/wiki/Sierra Leone",
    "capital": "Freetown",
    "regionId": "1",
    "languages": "English",
    "population": 7976985,
    "flag": "https://flagcdn.com/w320/sl.png"
  },
  {
    "name": "Singapore",
    "official": "Republic of Singapore",
    "nativeName": "新加坡",
    "a2code": "SG",
    "permanentUNSC": false,
    "wikipediaURL": "https://en.wikipedia.org/wiki/Singapore",
    "capital": "Singapore",
    "regionId": "3",
    "languages": "Chinese,English,Malay,Tamil",
    "population": 5685807,
    "flag": "https://flagcdn.com/w320/sg.png"
  },
  {
    "name": "Slovakia",
    "official": "Slovak Republic",
    "nativeName": "Slovensko",
    "a2code": "SK",
    "permanentUNSC": false,
    "wikipediaURL": "https://en.wikipedia.org/wiki/Slovakia",
    "capital": "Bratislava",
    "regionId": "4",
    "languages": "Slovak",
    "population": 5458827,
    "flag": "https://flagcdn.com/w320/sk.png"
  },
  {
    "name": "Slovenia",
    "official": "Republic of Slovenia",
    "nativeName": "Slovenija",
    "a2code": "SI",
    "permanentUNSC": false,
    "wikipediaURL": "https://en.wikipedia.org/wiki/Slovenia",
    "capital": "Ljubljana",
    "regionId": "4",
    "languages": "Slovene",
    "population": 2100126,
    "flag": "https://flagcdn.com/w320/si.png"
  },
  {
    "name": "Solomon Islands",
    "official": "Solomon Islands",
    "nativeName": "Solomon Islands",
    "a2code": "SB",
    "permanentUNSC": false,
    "wikipediaURL": "https://en.wikipedia.org/wiki/Solomon Islands",
    "capital": "Honiara",
    "regionId": "5",
    "languages": "English",
    "population": 686878,
    "flag": "https://flagcdn.com/w320/sb.png"
  },
  {
    "name": "Somalia",
    "official": "Federal Republic of Somalia",
    "nativeName": "الصومال‎‎",
    "a2code": "SO",
    "permanentUNSC": false,
    "wikipediaURL": "https://en.wikipedia.org/wiki/Somalia",
    "capital": "Mogadishu",
    "regionId": "1",
    "languages": "Arabic,Somali",
    "population": 15893219,
    "flag": "https://flagcdn.com/w320/so.png"
  },
  {
    "name": "South Africa",
    "official": "Republic of South Africa",
    "nativeName": "South Africa",
    "a2code": "ZA",
    "permanentUNSC": false,
    "wikipediaURL": "https://en.wikipedia.org/wiki/South Africa",
    "capital": "Pretoria",
    "regionId": "1",
    "languages": "Afrikaans,English,Southern Ndebele,Northern Sotho,Southern Sotho,Swazi,Tswana,Tsonga,Venda,Xhosa,Zulu",
    "population": 59308690,
    "flag": "https://flagcdn.com/w320/za.png"
  },
  {
    "name": "South Korea",
    "official": "Republic of Korea",
    "nativeName": "한국",
    "a2code": "KR",
    "permanentUNSC": false,
    "wikipediaURL": "https://en.wikipedia.org/wiki/South Korea",
    "capital": "Seoul",
    "regionId": "3",
    "languages": "Korean",
    "population": 51780579,
    "flag": "https://flagcdn.com/w320/kr.png"
  },
  {
    "name": "South Sudan",
    "official": "Republic of South Sudan",
    "nativeName": "South Sudan",
    "a2code": "SS",
    "permanentUNSC": false,
    "wikipediaURL": "https://en.wikipedia.org/wiki/South Sudan",
    "capital": "Juba",
    "regionId": "1",
    "languages": "English",
    "population": 11193729,
    "flag": "https://flagcdn.com/w320/ss.png"
  },
  {
    "name": "Spain",
    "official": "Kingdom of Spain",
    "nativeName": "España",
    "a2code": "ES",
    "permanentUNSC": false,
    "wikipediaURL": "https://en.wikipedia.org/wiki/Spain",
    "capital": "Madrid",
    "regionId": "4",
    "languages": "Spanish",
    "population": 47351567,
    "flag": "https://flagcdn.com/w320/es.png"
  },
  {
    "name": "Sri Lanka",
    "official": "Democratic Socialist Republic of Sri Lanka",
    "nativeName": "ශ්‍රී ලංකාව",
    "a2code": "LK",
    "permanentUNSC": false,
    "wikipediaURL": "https://en.wikipedia.org/wiki/Sri Lanka",
    "capital": "Sri Jayawardenepura Kotte",
    "regionId": "3",
    "languages": "Sinhala,Tamil",
    "population": 21919000,
    "flag": "https://flagcdn.com/w320/lk.png"
  },
  {
    "name": "Sudan",
    "official": "Republic of the Sudan",
    "nativeName": "السودان",
    "a2code": "SD",
    "permanentUNSC": false,
    "wikipediaURL": "https://en.wikipedia.org/wiki/Sudan",
    "capital": "Khartoum",
    "regionId": "1",
    "languages": "Arabic,English",
    "population": 43849269,
    "flag": "https://flagcdn.com/w320/sd.png"
  },
  {
    "name": "Suriname",
    "official": "Republic of Suriname",
    "nativeName": "Suriname",
    "a2code": "SR",
    "permanentUNSC": false,
    "wikipediaURL": "https://en.wikipedia.org/wiki/Suriname",
    "capital": "Paramaribo",
    "regionId": "2",
    "languages": "Dutch",
    "population": 586634,
    "flag": "https://flagcdn.com/w320/sr.png"
  },
  {
    "name": "Sweden",
    "official": "Kingdom of Sweden",
    "nativeName": "Sverige",
    "a2code": "SE",
    "permanentUNSC": false,
    "wikipediaURL": "https://en.wikipedia.org/wiki/Sweden",
    "capital": "Stockholm",
    "regionId": "4",
    "languages": "Swedish",
    "population": 10353442,
    "flag": "https://flagcdn.com/w320/se.png"
  },
  {
    "name": "Switzerland",
    "official": "Swiss Confederation",
    "nativeName": "Suisse",
    "a2code": "CH",
    "permanentUNSC": false,
    "wikipediaURL": "https://en.wikipedia.org/wiki/Switzerland",
    "capital": "Bern",
    "regionId": "4",
    "languages": "French,Swiss German,Italian,Romansh",
    "population": 8654622,
    "flag": "https://flagcdn.com/w320/ch.png"
  },
  {
    "name": "Syria",
    "official": "Syrian Arab Republic",
    "nativeName": "سوريا",
    "a2code": "SY",
    "permanentUNSC": false,
    "wikipediaURL": "https://en.wikipedia.org/wiki/Syria",
    "capital": "Damascus",
    "regionId": "3",
    "languages": "Arabic",
    "population": 17500657,
    "flag": "https://flagcdn.com/w320/sy.png"
  },
  {
    "name": "Tajikistan",
    "official": "Republic of Tajikistan",
    "nativeName": "Таджикистан",
    "a2code": "TJ",
    "permanentUNSC": false,
    "wikipediaURL": "https://en.wikipedia.org/wiki/Tajikistan",
    "capital": "Dushanbe",
    "regionId": "3",
    "languages": "Russian,Tajik",
    "population": 9537642,
    "flag": "https://flagcdn.com/w320/tj.png"
  },
  {
    "name": "Tanzania",
    "official": "United Republic of Tanzania",
    "nativeName": "Tanzania",
    "a2code": "TZ",
    "permanentUNSC": false,
    "wikipediaURL": "https://en.wikipedia.org/wiki/Tanzania",
    "capital": "Dodoma",
    "regionId": "1",
    "languages": "English,Swahili",
    "population": 59734213,
    "flag": "https://flagcdn.com/w320/tz.png"
  },
  {
    "name": "Thailand",
    "official": "Kingdom of Thailand",
    "nativeName": "ประเทศไทย",
    "a2code": "TH",
    "permanentUNSC": false,
    "wikipediaURL": "https://en.wikipedia.org/wiki/Thailand",
    "capital": "Bangkok",
    "regionId": "3",
    "languages": "Thai",
    "population": 69799978,
    "flag": "https://flagcdn.com/w320/th.png"
  },
  {
    "name": "Timor-Leste",
    "official": "Democratic Republic of Timor-Leste",
    "nativeName": "Timor-Leste",
    "a2code": "TL",
    "permanentUNSC": false,
    "wikipediaURL": "https://en.wikipedia.org/wiki/Timor-Leste",
    "capital": "Dili",
    "regionId": "3",
    "languages": "Portuguese,Tetum",
    "population": 1318442,
    "flag": "https://flagcdn.com/w320/tl.png"
  },
  {
    "name": "Togo",
    "official": "Togolese Republic",
    "nativeName": "Togo",
    "a2code": "TG",
    "permanentUNSC": false,
    "wikipediaURL": "https://en.wikipedia.org/wiki/Togo",
    "capital": "Lomé",
    "regionId": "1",
    "languages": "French",
    "population": 8278737,
    "flag": "https://flagcdn.com/w320/tg.png"
  },
  {
    "name": "Tonga",
    "official": "Kingdom of Tonga",
    "nativeName": "Tonga",
    "a2code": "TO",
    "permanentUNSC": false,
    "wikipediaURL": "https://en.wikipedia.org/wiki/Tonga",
    "capital": "Nuku'alofa",
    "regionId": "5",
    "languages": "English,Tongan",
    "population": 105697,
    "flag": "https://flagcdn.com/w320/to.png"
  },
  {
    "name": "Trinidad and Tobago",
    "official": "Republic of Trinidad and Tobago",
    "nativeName": "Trinidad and Tobago",
    "a2code": "TT",
    "permanentUNSC": false,
    "wikipediaURL": "https://en.wikipedia.org/wiki/Trinidad and Tobago",
    "capital": "Port of Spain",
    "regionId": "2",
    "languages": "English",
    "population": 1399491,
    "flag": "https://flagcdn.com/w320/tt.png"
  },
  {
    "name": "Tunisia",
    "official": "Tunisian Republic",
    "nativeName": "تونس",
    "a2code": "TN",
    "permanentUNSC": false,
    "wikipediaURL": "https://en.wikipedia.org/wiki/Tunisia",
    "capital": "Tunis",
    "regionId": "1",
    "languages": "Arabic",
    "population": 11818618,
    "flag": "https://flagcdn.com/w320/tn.png"
  },
  {
    "name": "Turkey",
    "official": "Republic of Turkey",
    "nativeName": "Türkiye",
    "a2code": "TR",
    "permanentUNSC": false,
    "wikipediaURL": "https://en.wikipedia.org/wiki/Turkey",
    "capital": "Ankara",
    "regionId": "3",
    "languages": "Turkish",
    "population": 84339067,
    "flag": "https://flagcdn.com/w320/tr.png"
  },
  {
    "name": "Turkmenistan",
    "official": "Turkmenistan",
    "nativeName": "Туркмения",
    "a2code": "TM",
    "permanentUNSC": false,
    "wikipediaURL": "https://en.wikipedia.org/wiki/Turkmenistan",
    "capital": "Ashgabat",
    "regionId": "3",
    "languages": "Russian,Turkmen",
    "population": 6031187,
    "flag": "https://flagcdn.com/w320/tm.png"
  },
  {
    "name": "Tuvalu",
    "official": "Tuvalu",
    "nativeName": "Tuvalu",
    "a2code": "TV",
    "permanentUNSC": false,
    "wikipediaURL": "https://en.wikipedia.org/wiki/Tuvalu",
    "capital": "Funafuti",
    "regionId": "5",
    "languages": "English,Tuvaluan",
    "population": 11792,
    "flag": "https://flagcdn.com/w320/tv.png"
  },
  {
    "name": "Uganda",
    "official": "Republic of Uganda",
    "nativeName": "Uganda",
    "a2code": "UG",
    "permanentUNSC": false,
    "wikipediaURL": "https://en.wikipedia.org/wiki/Uganda",
    "capital": "Kampala",
    "regionId": "1",
    "languages": "English,Swahili",
    "population": 45741000,
    "flag": "https://flagcdn.com/w320/ug.png"
  },
  {
    "name": "Ukraine",
    "official": "Ukraine",
    "nativeName": "Україна",
    "a2code": "UA",
    "permanentUNSC": false,
    "wikipediaURL": "https://en.wikipedia.org/wiki/Ukraine",
    "capital": "Kyiv",
    "regionId": "4",
    "languages": "Ukrainian",
    "population": 44134693,
    "flag": "https://flagcdn.com/w320/ua.png"
  },
  {
    "name": "United Arab Emirates",
    "official": "United Arab Emirates",
    "nativeName": "دولة الإمارات العربية المتحدة",
    "a2code": "AE",
    "permanentUNSC": false,
    "wikipediaURL": "https://en.wikipedia.org/wiki/United Arab Emirates",
    "capital": "Abu Dhabi",
    "regionId": "3",
    "languages": "Arabic",
    "population": 9890400,
    "flag": "https://flagcdn.com/w320/ae.png"
  },
  {
    "name": "United Kingdom",
    "official": "United Kingdom of Great Britain and Northern Ireland",
    "nativeName": "United Kingdom",
    "a2code": "GB",
    "permanentUNSC": false,
    "wikipediaURL": "https://en.wikipedia.org/wiki/United Kingdom",
    "capital": "London",
    "regionId": "4",
    "languages": "English",
    "population": 67215293,
    "flag": "https://flagcdn.com/w320/gb.png"
  },
  {
    "name": "United States",
    "official": "United States of America",
    "nativeName": "United States",
    "a2code": "US",
    "permanentUNSC": false,
    "wikipediaURL": "https://en.wikipedia.org/wiki/United States",
    "capital": "Washington, D.C.",
    "regionId": "2",
    "languages": "English",
    "population": 329484123,
    "flag": "https://flagcdn.com/w320/us.png"
  },
  {
    "name": "Uruguay",
    "official": "Oriental Republic of Uruguay",
    "nativeName": "Uruguay",
    "a2code": "UY",
    "permanentUNSC": false,
    "wikipediaURL": "https://en.wikipedia.org/wiki/Uruguay",
    "capital": "Montevideo",
    "regionId": "2",
    "languages": "Spanish",
    "population": 3473727,
    "flag": "https://flagcdn.com/w320/uy.png"
  },
  {
    "name": "Uzbekistan",
    "official": "Republic of Uzbekistan",
    "nativeName": "Узбекистан",
    "a2code": "UZ",
    "permanentUNSC": false,
    "wikipediaURL": "https://en.wikipedia.org/wiki/Uzbekistan",
    "capital": "Tashkent",
    "regionId": "3",
    "languages": "Russian,Uzbek",
    "population": 34232050,
    "flag": "https://flagcdn.com/w320/uz.png"
  },
  {
    "name": "Vanuatu",
    "official": "Republic of Vanuatu",
    "nativeName": "Vanuatu",
    "a2code": "VU",
    "permanentUNSC": false,
    "wikipediaURL": "https://en.wikipedia.org/wiki/Vanuatu",
    "capital": "Port Vila",
    "regionId": "5",
    "languages": "Bislama,English,French",
    "population": 307150,
    "flag": "https://flagcdn.com/w320/vu.png"
  },
  {
    "name": "Vatican City",
    "official": "Vatican City State",
    "nativeName": "Vaticano",
    "a2code": "VA",
    "permanentUNSC": false,
    "wikipediaURL": "https://en.wikipedia.org/wiki/Vatican City",
    "capital": "Vatican City",
    "regionId": "4",
    "languages": "Italian,Latin",
    "population": 451,
    "flag": "https://flagcdn.com/w320/va.png"
  },
  {
    "name": "Venezuela",
    "official": "Bolivarian Republic of Venezuela",
    "nativeName": "Venezuela",
    "a2code": "VE",
    "permanentUNSC": false,
    "wikipediaURL": "https://en.wikipedia.org/wiki/Venezuela",
    "capital": "Caracas",
    "regionId": "2",
    "languages": "Spanish",
    "population": 28435943,
    "flag": "https://flagcdn.com/w320/ve.png"
  },
  {
    "name": "Vietnam",
    "official": "Socialist Republic of Vietnam",
    "nativeName": "Việt Nam",
    "a2code": "VN",
    "permanentUNSC": false,
    "wikipediaURL": "https://en.wikipedia.org/wiki/Vietnam",
    "capital": "Hanoi",
    "regionId": "3",
    "languages": "Vietnamese",
    "population": 97338583,
    "flag": "https://flagcdn.com/w320/vn.png"
  },
  {
    "name": "Yemen",
    "official": "Republic of Yemen",
    "nativeName": "اليَمَن",
    "a2code": "YE",
    "permanentUNSC": false,
    "wikipediaURL": "https://en.wikipedia.org/wiki/Yemen",
    "capital": "Sana'a",
    "regionId": "3",
    "languages": "Arabic",
    "population": 29825968,
    "flag": "https://flagcdn.com/w320/ye.png"
  },
  {
    "name": "Zambia",
    "official": "Republic of Zambia",
    "nativeName": "Zambia",
    "a2code": "ZM",
    "permanentUNSC": false,
    "wikipediaURL": "https://en.wikipedia.org/wiki/Zambia",
    "capital": "Lusaka",
    "regionId": "1",
    "languages": "English",
    "population": 18383956,
    "flag": "https://flagcdn.com/w320/zm.png"
  },
  {
    "name": "Zimbabwe",
    "official": "Republic of Zimbabwe",
    "nativeName": "Zimbabwe",
    "a2code": "ZW",
    "permanentUNSC": false,
    "wikipediaURL": "https://en.wikipedia.org/wiki/Zimbabwe",
    "capital": "Harare",
    "regionId": "1",
    "languages": "Chibarwe,English,Kalanga,Khoisan,Ndau,Northern Ndebele,Chewa,Shona,Sotho,Tonga,Tswana,Tsonga,Venda,Xhosa,Zimbabwean Sign Language",
    "population": 14862927,
    "flag": "https://flagcdn.com/w320/zw.png"
  }
]