[
  {
      "id": "1",
      "name": "Africa",
      "subs": "Northern Africa, Southern Africa"
  },
  {
      "id": "2",
      "name": "Americas",
      "subs": "North America, South America, Central America, Caribbean"
  },
  {
    "id": "3",
    "name": "Asia",
    "subs": "South Asia, Central Asia, Northeastern Asia"
  },
  {
    "id": "4",
    "name": "Europe",
    "subs": "Northern Europe, Southern Europe, Eastern Europe, Western Europe"
  },
  {
      "id": "5",
      "name": "Oceania",
      "subs": "Australasia, Melanesia, Micronesia, and Polynesia"
  }
]